lat,lon,at_risk_kwh,total_kwh,fraction,top_gear
-45.5,-60.5,104196217,156451166,0.666,squid_jigger
-45.5,-59.5,99617077,142388367,0.6996,squid_jigger
60.5,-7.5,35900345,65729350,0.5462,trawlers
-49.5,-59.5,34657211,59643486,0.5811,squid_jigger
-46.5,-60.5,32450532,53329816,0.6085,squid_jigger
60.5,-5.5,20017803,76235879,0.2626,trawlers
-19.5,-77.5,19434029,20962849,0.9271,squid_jigger
-1.5,-103.5,19182010,20133412,0.9527,squid_jigger
-1.5,-95.5,18896268,19677074,0.9603,squid_jigger
-18.5,-79.5,18744340,19732908,0.9499,squid_jigger
-1.5,-113.5,18278795,19648242,0.9303,squid_jigger
-1.5,-97.5,17966097,18781247,0.9566,squid_jigger
-17.5,-79.5,17847277,19361359,0.9218,squid_jigger
-9.5,-145.5,17640829,17862080,0.9876,drifting_longlines
-41.5,-57.5,17355110,37941690,0.4574,squid_jigger
66.5,0.5,16874090,23861191,0.7072,trawlers
-17.5,-77.5,15906596,16436689,0.9677,squid_jigger
-1.5,-149.5,15290511,16743200,0.9132,drifting_longlines
-1.5,-147.5,14771443,15780336,0.9361,drifting_longlines
-1.5,-99.5,14514264,15640576,0.928,squid_jigger
-47.5,-60.5,14458565,25774641,0.561,squid_jigger
76.5,40.5,14121599,58833512,0.24,trawlers
-18.5,-77.5,14066729,14939405,0.9416,squid_jigger
46.5,-45.5,14059748,14364960,0.9788,trawlers
48.5,-47.5,13989790,18620660,0.7513,trawlers
-49.5,-61.5,13093833,21756186,0.6018,squid_jigger
-2.5,-111.5,12900265,14075726,0.9165,squid_jigger
-2.5,-97.5,12315495,13097029,0.9403,squid_jigger
2.5,148.5,12043509,12568111,0.9583,drifting_longlines
-3.5,164.5,11918722,14007362,0.8509,drifting_longlines
43.5,-51.5,11803829,12436918,0.9491,trawlers
62.5,-29.5,11710738,34313223,0.3413,trawlers
40.5,150.5,11612528,15964627,0.7274,squid_jigger
-3.5,-165.5,11105971,12616877,0.8802,drifting_longlines
42.5,158.5,11012025,13034546,0.8448,squid_jigger
-1.5,-165.5,10970730,12293325,0.8924,drifting_longlines
66.5,-3.5,10849696,15542352,0.6981,trawlers
3.5,146.5,10841002,11921859,0.9093,drifting_longlines
2.5,146.5,10824259,11434055,0.9467,drifting_longlines
66.5,2.5,10766106,20419453,0.5272,trawlers
72.5,24.5,10471805,21451095,0.4882,trawlers
72.5,2.5,10450160,12493137,0.8365,trawlers
48.5,-45.5,10336183,10470578,0.9872,trawlers
-1.5,-145.5,9985963,11366127,0.8786,drifting_longlines
-3.5,-149.5,9971463,10623400,0.9386,drifting_longlines
-49.5,-60.5,9770370,18528998,0.5273,squid_jigger
-1.5,-151.5,9399050,10993900,0.8549,drifting_longlines
60.5,-6.5,9139568,31805215,0.2874,trawlers
50.5,-15.5,9123504,12657192,0.7208,trawlers
65.5,0.5,8995159,15238578,0.5903,trawlers
-1.5,-101.5,8853141,9441577,0.9377,squid_jigger
-37.5,30.5,8660365,8985763,0.9638,drifting_longlines
0.5,-111.5,8349599,9042130,0.9234,squid_jigger
-1.5,-167.5,8339957,9618763,0.8671,drifting_longlines
64.5,-1.5,8232031,20188463,0.4078,trawlers
-49.5,-57.5,8197513,13233927,0.6194,squid_jigger
66.5,1.5,8179050,11569904,0.7069,trawlers
-46.5,-59.5,7996588,15013093,0.5326,trawlers
-7.5,-145.5,7820613,8197697,0.954,drifting_longlines
2.5,142.5,7818375,11603194,0.6738,drifting_longlines
76.5,42.5,7808068,37399002,0.2088,trawlers
-5.5,-147.5,7758279,7976949,0.9726,drifting_longlines
-11.5,54.5,7703347,8168163,0.9431,drifting_longlines
74.5,34.5,7695231,31542164,0.244,trawlers
1.5,-111.5,7591803,8192576,0.9267,squid_jigger
65.5,-1.5,7526732,11570806,0.6505,trawlers
-5.5,-19.5,7520367,7534094,0.9982,drifting_longlines
-1.5,162.5,7355733,7973493,0.9225,drifting_longlines
-3.5,-163.5,7265729,8007546,0.9074,drifting_longlines
-5.5,-17.5,7208223,7268551,0.9917,drifting_longlines
12.5,-175.5,7175271,7693813,0.9326,drifting_longlines
66.5,-1.5,7162282,11890245,0.6024,trawlers
-15.5,-81.5,7092313,7964880,0.8904,squid_jigger
4.5,140.5,7076631,9657763,0.7327,drifting_longlines
-11.5,56.5,6886590,7679638,0.8967,drifting_longlines
12.5,176.5,6872320,7805984,0.8804,drifting_longlines
-5.5,-135.5,6841813,7670875,0.8919,drifting_longlines
54.5,-15.5,6818626,16652919,0.4095,trawlers
68.5,2.5,6802431,11778095,0.5775,trawlers
64.5,-0.5,6783079,17569828,0.3861,trawlers
12.5,174.5,6527461,7790270,0.8379,drifting_longlines
-5.5,158.5,6526456,8223157,0.7937,drifting_longlines
2.5,-151.5,6502706,6994350,0.9297,drifting_longlines
-3.5,-111.5,6496008,7114089,0.9131,squid_jigger
3.5,144.5,6475754,7931977,0.8164,drifting_longlines
4.5,64.5,6468264,6476634,0.9987,drifting_longlines
2.5,-111.5,6466577,7040612,0.9185,squid_jigger
0.5,-109.5,6430377,6973382,0.9221,squid_jigger
-1.5,-104.5,6284859,6588173,0.954,squid_jigger
12.5,-177.5,6251416,7115012,0.8786,drifting_longlines
-35.5,32.5,6170452,6292698,0.9806,drifting_longlines
2.5,150.5,6149540,6670560,0.9219,drifting_longlines
-11.5,58.5,6108358,7594095,0.8044,drifting_longlines
61.5,-7.5,6013927,28632016,0.21,trawlers
-3.5,-179.5,5978361,6474769,0.9233,drifting_longlines
-7.5,160.5,5959546,7552481,0.7891,drifting_longlines
42.5,160.5,5952762,7358873,0.8089,squid_jigger
72.5,4.5,5951206,17174098,0.3465,trawlers
68.5,0.5,5947253,9315290,0.6384,trawlers
12.5,178.5,5925186,7224611,0.8201,drifting_longlines
-15.5,172.5,5849364,10753278,0.544,drifting_longlines
2.5,147.5,5835597,5990963,0.9741,drifting_longlines
-3.5,-97.5,5765446,6287781,0.9169,squid_jigger
-19.5,-79.5,5738421,6388783,0.8982,squid_jigger
-2.5,-95.5,5709343,5839802,0.9777,squid_jigger
12.5,-173.5,5698832,6122936,0.9307,drifting_longlines
-49.5,-58.5,5689237,9663027,0.5888,squid_jigger
-35.5,30.5,5674795,5767633,0.9839,drifting_longlines
0.5,162.5,5663539,6415036,0.8829,drifting_longlines
4.5,146.5,5658524,6209474,0.9113,drifting_longlines
-3.5,163.5,5624013,6522542,0.8622,drifting_longlines
-1.5,-102.5,5603933,6037749,0.9281,squid_jigger
10.5,176.5,5565019,6353579,0.8759,drifting_longlines
-2.5,-98.5,5535173,5784630,0.9569,squid_jigger
-19.5,60.5,5503599,5756521,0.9561,drifting_longlines
-7.5,-167.5,5495625,5864070,0.9372,drifting_longlines
-5.5,160.5,5492974,6605345,0.8316,drifting_longlines
-3.5,-161.5,5443884,6583076,0.827,drifting_longlines
67.5,0.5,5435364,7000514,0.7764,trawlers
-2.5,-149.5,5430553,5691235,0.9542,drifting_longlines
-19.5,50.5,5423714,6837365,0.7932,drifting_longlines
-3.5,66.5,5422322,5986662,0.9057,drifting_longlines
-5.5,-149.5,5410648,6999428,0.773,drifting_longlines
-5.5,-165.5,5398033,6265282,0.8616,drifting_longlines
-2.5,-99.5,5387131,5583276,0.9649,squid_jigger
-3.5,-166.5,5270859,6387823,0.8251,drifting_longlines
4.5,-169.5,5228724,5535680,0.9445,drifting_longlines
-1.5,-100.5,5218485,5606078,0.9309,squid_jigger
76.5,41.5,5171049,18621274,0.2777,trawlers
-1.5,-96.5,5165912,5457442,0.9466,squid_jigger
44.5,-49.5,5109935,7495942,0.6817,trawlers
4.5,-147.5,5104732,7200451,0.7089,drifting_longlines
62.5,-3.5,5081596,41000809,0.1239,trawlers
70.5,18.5,5080207,44274282,0.1147,trawlers
-3.5,-147.5,5035674,5553961,0.9067,drifting_longlines
-51.5,-57.5,5026343,31455759,0.1598,trawlers
-48.5,-60.5,5022890,10137593,0.4955,squid_jigger
-1.5,-148.5,5011411,5409540,0.9264,drifting_longlines
-5.5,-167.5,4970463,6520101,0.7623,drifting_longlines
0.5,-105.5,4959001,5398814,0.9185,squid_jigger
-17.5,-80.5,4935268,5610431,0.8797,squid_jigger
67.5,2.5,4928298,8361620,0.5894,trawlers
-1.5,-166.5,4924995,5549045,0.8875,drifting_longlines
-1.5,-143.5,4901658,6043365,0.8111,drifting_longlines
12.5,-171.5,4884902,5209535,0.9377,drifting_longlines
2.5,141.5,4858361,6376233,0.7619,drifting_longlines
2.5,-149.5,4838520,5593825,0.865,drifting_longlines
8.5,58.5,4833402,4875966,0.9913,drifting_longlines
4.5,62.5,4831611,5171198,0.9343,drifting_longlines
76.5,39.5,4801425,19157145,0.2506,trawlers
-1.5,-163.5,4794543,5989499,0.8005,drifting_longlines
-2.5,-165.5,4744518,5099643,0.9304,drifting_longlines
-9.5,-144.5,4698600,4756803,0.9878,drifting_longlines
0.5,160.5,4695354,5107742,0.9193,drifting_longlines
-1.5,-141.5,4679384,6500795,0.7198,drifting_longlines
4.5,-151.5,4677589,5061083,0.9242,drifting_longlines
-5.5,-21.5,4652322,4805497,0.9681,drifting_longlines
-1.5,-105.5,4638934,4954748,0.9363,squid_jigger
-8.5,-145.5,4620778,4797106,0.9632,drifting_longlines
-17.5,-78.5,4611081,4829096,0.9549,squid_jigger
-1.5,-150.5,4606768,5082008,0.9065,drifting_longlines
44.5,160.5,4591772,4982670,0.9215,squid_jigger
-3.5,-178.5,4569185,4848556,0.9424,drifting_longlines
-1.5,-111.5,4562476,5031777,0.9067,squid_jigger
74.5,35.5,4554276,12444841,0.366,trawlers
-2.5,-113.5,4533876,5002274,0.9064,squid_jigger
-1.5,-139.5,4527245,4896117,0.9247,drifting_longlines
10.5,178.5,4507072,5052450,0.8921,drifting_longlines
42.5,156.5,4499229,4825651,0.9324,squid_jigger
72.5,36.5,4452967,7680549,0.5798,trawlers
-5.5,50.5,4431470,4654345,0.9521,drifting_longlines
-1.5,-146.5,4397037,4817463,0.9127,drifting_longlines
-7.5,-19.5,4390561,4449621,0.9867,drifting_longlines
-36.5,30.5,4381565,4774604,0.9177,drifting_longlines
-5.5,166.5,4381315,5039694,0.8694,drifting_longlines
2.5,144.5,4339213,6084628,0.7131,drifting_longlines
2.5,64.5,4337550,4514699,0.9608,drifting_longlines
6.5,62.5,4319492,4362999,0.99,drifting_longlines
60.5,-8.5,4279700,10448121,0.4096,trawlers
-35.5,31.5,4274869,4286925,0.9972,drifting_longlines
71.5,22.5,4263102,34164518,0.1248,trawlers
-3.5,50.5,4217646,4338827,0.9721,drifting_longlines
-42.5,-56.5,4210846,4368887,0.9638,squid_jigger
70.5,17.5,4178079,53589703,0.078,trawlers
2.5,-165.5,4138966,4490578,0.9217,drifting_longlines
-31.5,38.5,4132122,4953805,0.8341,drifting_longlines
-13.5,52.5,4131117,5840028,0.7074,drifting_longlines
66.5,-0.5,4128332,5796772,0.7122,trawlers
-6.5,160.5,4124712,4938171,0.8353,drifting_longlines
6.5,60.5,4119521,4535172,0.9083,drifting_longlines
40.5,-173.5,4094203,4778251,0.8568,squid_jigger
-5.5,64.5,4090051,4105113,0.9963,drifting_longlines
-37.5,28.5,4088502,4099725,0.9973,drifting_longlines
-9.5,174.5,4087611,4519003,0.9045,drifting_longlines
-11.5,52.5,4085187,4288637,0.9526,drifting_longlines
-11.5,158.5,4067333,4817916,0.8442,drifting_longlines
42.5,151.5,4058599,6869648,0.5908,trawlers
12.5,-169.5,4021163,4659416,0.863,drifting_longlines
43.5,156.5,4017564,4273593,0.9401,squid_jigger
43.5,158.5,3981307,4455443,0.8936,squid_jigger
-3.5,-177.5,3974515,4416165,0.9,drifting_longlines
2.5,66.5,3971256,4374177,0.9079,drifting_longlines
-5.5,48.5,3948640,3985177,0.9908,drifting_longlines
4.5,60.5,3945441,4043729,0.9757,drifting_longlines
-9.5,-133.5,3922147,4388242,0.8938,drifting_longlines
-13.5,-131.5,3914024,4757282,0.8227,drifting_longlines
-9.5,52.5,3869996,3971995,0.9743,drifting_longlines
4.5,-149.5,3864552,5416957,0.7134,drifting_longlines
8.5,-29.5,3862422,3932449,0.9822,drifting_longlines
12.5,158.5,3861098,4366641,0.8842,drifting_longlines
-45.5,-81.5,3857358,4749511,0.8122,trawlers
-1.5,-98.5,3827194,4018695,0.9523,squid_jigger
8.5,176.5,3824564,4665599,0.8197,drifting_longlines
3.5,148.5,3822410,3939759,0.9702,drifting_longlines
11.5,-177.5,3793341,4372047,0.8676,drifting_longlines
-7.5,162.5,3791442,4450731,0.8519,drifting_longlines
66.5,-4.5,3787594,5567763,0.6803,trawlers
2.5,-167.5,3781490,4238149,0.8923,drifting_longlines
6.5,64.5,3761297,3831834,0.9816,drifting_longlines
11.5,-171.5,3705328,3759892,0.9855,drifting_longlines
-43.5,-57.5,3703475,4057969,0.9126,squid_jigger
-5.5,168.5,3702812,4642860,0.7975,drifting_longlines
40.5,149.5,3684410,4884930,0.7542,trawlers
6.5,4.5,3661454,15237751,0.2403,trawlers
18.5,62.5,3649319,3767985,0.9685,squid_jigger
-17.5,-81.5,3637043,4592218,0.792,squid_jigger
-3.5,64.5,3622005,3666584,0.9878,drifting_longlines
-7.5,-146.5,3620460,3709358,0.976,drifting_longlines
-1.5,50.5,3617127,3617127,1.0,drifting_longlines
56.5,-17.5,3611459,3900036,0.926,trawlers
-19.5,36.5,3598471,6355705,0.5662,drifting_longlines
64.5,0.5,3594040,11935390,0.3011,trawlers
-7.5,-165.5,3589455,3785276,0.9483,drifting_longlines
-6.5,-167.5,3576021,4304109,0.8308,drifting_longlines
-13.5,-129.5,3570716,3960017,0.9017,drifting_longlines
-5.5,46.5,3565521,3602694,0.9897,drifting_longlines
10.5,174.5,3559258,4736254,0.7515,drifting_longlines
14.5,158.5,3557343,3748830,0.9489,drifting_longlines
3.5,140.5,3556037,4689865,0.7582,drifting_longlines
11.5,-175.5,3543555,3769007,0.9402,drifting_longlines
-5.5,-163.5,3529281,4028677,0.876,drifting_longlines
-2.5,-147.5,3512585,3667182,0.9578,drifting_longlines
40.5,-175.5,3507052,3797047,0.9236,squid_jigger
48.5,-46.5,3498324,3598544,0.9721,trawlers
-33.5,56.5,3451295,3667512,0.941,drifting_longlines
-21.5,50.5,3448472,4392221,0.7851,drifting_longlines
-1.5,64.5,3415900,3462005,0.9867,drifting_longlines
-35.5,40.5,3412688,3423522,0.9968,drifting_longlines
-13.5,158.5,3402102,4257624,0.7991,drifting_longlines
-1.5,56.5,3387876,3434510,0.9864,drifting_longlines
34.5,146.5,3380069,4112581,0.8219,drifting_longlines
-13.5,173.5,3375015,4342728,0.7772,drifting_longlines
-43.5,-79.5,3366223,5878437,0.5726,trawlers
32.5,144.5,3362180,3369623,0.9978,drifting_longlines
-42.5,-57.5,3354025,3729590,0.8993,squid_jigger
66.5,-5.5,3348838,4941130,0.6777,trawlers
65.5,1.5,3341729,5546823,0.6025,trawlers
-15.5,173.5,3322849,5115049,0.6496,drifting_longlines
3.5,147.5,3313876,3419461,0.9691,drifting_longlines
-9.5,158.5,3301207,4096228,0.8059,drifting_longlines
-11.5,-133.5,3301062,3797189,0.8693,drifting_longlines
1.5,-113.5,3285909,3622760,0.907,squid_jigger
-33.5,34.5,3281171,3863593,0.8493,drifting_longlines
41.5,152.5,3275529,4284042,0.7646,squid_jigger
-3.5,48.5,3265764,3265764,1.0,drifting_longlines
4.5,-145.5,3263685,3854215,0.8468,drifting_longlines
-4.5,164.5,3236665,3811274,0.8492,drifting_longlines
2.5,62.5,3236007,3238678,0.9992,drifting_longlines
-1.5,48.5,3219873,3243599,0.9927,drifting_longlines
-23.5,52.5,3218220,3529947,0.9117,drifting_longlines
-3.5,-150.5,3213777,3544078,0.9068,drifting_longlines
-7.5,-133.5,3208989,3759063,0.8537,drifting_longlines
-7.5,46.5,3196787,3273765,0.9765,drifting_longlines
-7.5,-21.5,3185063,3214740,0.9908,drifting_longlines
71.5,24.5,3178048,20143712,0.1578,trawlers
-11.5,55.5,3177340,3547736,0.8956,drifting_longlines
-0.5,-101.5,3167420,3341353,0.9479,squid_jigger
-7.5,172.5,3164262,3458259,0.915,drifting_longlines
4.5,66.5,3164066,3264695,0.9692,drifting_longlines
76.5,34.5,3153607,19250194,0.1638,trawlers
11.5,-169.5,3150541,3163177,0.996,drifting_longlines
-13.5,-133.5,3146286,3733212,0.8428,drifting_longlines
2.5,-169.5,3131300,4159878,0.7527,drifting_longlines
-3.5,68.5,3129755,4394148,0.7123,drifting_longlines
-5.5,-18.5,3126042,3136488,0.9967,drifting_longlines
-1.5,-164.5,3122252,3716175,0.8402,drifting_longlines
-5.5,-133.5,3120704,3488923,0.8945,drifting_longlines
4.5,-167.5,3113568,3556195,0.8755,drifting_longlines
46.5,-46.5,3113166,3202030,0.9722,trawlers
-10.5,-145.5,3109416,3178673,0.9782,drifting_longlines
-13.5,58.5,3108113,3515849,0.884,drifting_longlines
42.5,152.5,3107439,4824266,0.6441,squid_jigger
2.5,160.5,3106475,3571726,0.8697,drifting_longlines
2.5,60.5,3105318,3131129,0.9918,drifting_longlines
8.5,-27.5,3104489,3425639,0.9063,drifting_longlines
-3.5,-137.5,3098773,3134628,0.9886,drifting_longlines
-1.5,54.5,3096429,3176883,0.9747,drifting_longlines
-15.5,-133.5,3094760,3710001,0.8342,drifting_longlines
2.5,-171.5,3077936,3432009,0.8968,drifting_longlines
0.5,158.5,3077275,3283086,0.9373,drifting_longlines
12.5,-167.5,3066371,3349995,0.9153,drifting_longlines
-1.5,-137.5,3065872,3135593,0.9778,drifting_longlines
11.5,178.5,3062625,3287296,0.9317,drifting_longlines
-1.5,66.5,3058325,3307652,0.9246,drifting_longlines
-9.5,48.5,3057370,3094700,0.9879,drifting_longlines
-2.5,-163.5,3049015,3501839,0.8707,drifting_longlines
6.5,-27.5,3045537,3180064,0.9577,drifting_longlines
0.5,66.5,3042583,3147364,0.9667,drifting_longlines
-5.5,-145.5,3040278,3219174,0.9444,drifting_longlines
42.5,-49.5,3038819,3312885,0.9173,trawlers
12.5,175.5,3038338,3479150,0.8733,drifting_longlines
4.5,58.5,3035637,3096506,0.9803,drifting_longlines
-15.5,-131.5,3031777,3308554,0.9163,drifting_longlines
-10.5,-143.5,3020344,3249257,0.9295,drifting_longlines
20.5,140.5,3020137,3511499,0.8601,drifting_longlines
-51.5,-62.5,2998573,12406059,0.2417,trawlers
3.5,142.5,2998076,4162632,0.7202,drifting_longlines
43.5,-49.5,2989473,4319855,0.692,trawlers
0.5,159.5,2982711,3551317,0.8399,drifting_longlines
46.5,-47.5,2982668,4821909,0.6186,trawlers
43.5,160.5,2980968,3167827,0.941,squid_jigger
-5.5,66.5,2973942,3335943,0.8915,drifting_longlines
40.5,148.5,2973920,5488363,0.5419,trawlers
-2.5,-101.5,2973162,3064751,0.9701,squid_jigger
-31.5,40.5,2968318,3465880,0.8564,drifting_longlines
6.5,66.5,2967258,3033563,0.9781,drifting_longlines
-37.5,29.5,2965724,2965724,1.0,drifting_longlines
44.5,158.5,2964142,3248170,0.9126,squid_jigger
6.5,56.5,2962603,3082862,0.961,drifting_longlines
42.5,157.5,2952767,3140068,0.9404,squid_jigger
12.5,60.5,2941321,3077027,0.9559,squid_jigger
0.5,-97.5,2938587,3266577,0.8996,squid_jigger
-6.5,-165.5,2938064,3165423,0.9282,drifting_longlines
68.5,-1.5,2933651,4031070,0.7278,trawlers
-7.5,161.5,2931726,3406187,0.8607,drifting_longlines
-1.5,0.5,2930486,3140016,0.9333,drifting_longlines
10.5,130.5,2911121,4969239,0.5858,drifting_longlines
-12.5,-157.5,2906949,2917442,0.9964,drifting_longlines
60.5,-9.5,2904963,17148474,0.1694,trawlers
-11.5,-125.5,2899572,3535268,0.8202,drifting_longlines
22.5,150.5,2887958,2939368,0.9825,drifting_longlines
10.5,131.5,2885530,5168215,0.5583,drifting_longlines
-3.5,172.5,2881184,3287678,0.8764,drifting_longlines
-7.5,58.5,2878419,3089437,0.9317,drifting_longlines
2.5,178.5,2875331,3404899,0.8445,drifting_longlines
-29.5,40.5,2848411,3543903,0.8037,drifting_longlines
-11.5,162.5,2847537,4207238,0.6768,drifting_longlines
34.5,148.5,2842273,3278094,0.8671,drifting_longlines
-1.5,-112.5,2830914,3115143,0.9088,squid_jigger
-51.5,-63.5,2821637,8031883,0.3513,squid_jigger
-3.5,62.5,2814293,3055513,0.9211,drifting_longlines
2.5,56.5,2812804,2821156,0.997,drifting_longlines
6.5,54.5,2801455,2803978,0.9991,drifting_longlines
-9.5,54.5,2788198,2993467,0.9314,drifting_longlines
12.5,-179.5,2787883,4268467,0.6531,drifting_longlines
16.5,152.5,2785350,2968167,0.9384,drifting_longlines
75.5,40.5,2774515,13926846,0.1992,trawlers
-3.5,-164.5,2772397,3120338,0.8885,drifting_longlines
-1.5,2.5,2753861,2934481,0.9384,drifting_longlines
72.5,40.5,2731224,2861033,0.9546,trawlers
-17.5,50.5,2730992,5261002,0.5191,drifting_longlines
24.5,148.5,2726239,3034296,0.8985,drifting_longlines
16.5,138.5,2722674,3216644,0.8464,drifting_longlines
1.5,-107.5,2714984,3047227,0.891,squid_jigger
0.5,-108.5,2714347,2847982,0.9531,squid_jigger
12.5,-174.5,2708128,2779560,0.9743,drifting_longlines
3.5,145.5,2707652,3341122,0.8104,drifting_longlines
-9.5,164.5,2696654,3920789,0.6878,drifting_longlines
-5.5,172.5,2687096,2982269,0.901,drifting_longlines
2.5,58.5,2686113,2693024,0.9974,drifting_longlines
72.5,28.5,2682557,11250974,0.2384,trawlers
50.5,-127.5,2681910,11235905,0.2387,trawlers
-5.5,170.5,2681676,3363886,0.7972,drifting_longlines
-9.5,68.5,2669837,2703154,0.9877,drifting_longlines
-5.5,162.5,2661501,3692134,0.7209,drifting_longlines
-10.5,52.5,2658260,2663484,0.998,drifting_longlines
2.5,52.5,2654141,2655144,0.9996,drifting_longlines
-11.5,68.5,2649386,2744145,0.9655,drifting_longlines
-3.5,76.5,2645339,3564383,0.7422,drifting_longlines
-3.5,-167.5,2639158,3328017,0.793,drifting_longlines
10.5,-175.5,2625656,2740591,0.9581,drifting_longlines
4.5,54.5,2622897,2830782,0.9266,drifting_longlines
-9.5,-143.5,2619845,2842226,0.9218,drifting_longlines
-33.5,54.5,2619457,2643056,0.9911,drifting_longlines
32.5,172.5,2614239,2631513,0.9934,drifting_longlines
-4.5,-147.5,2611141,2687933,0.9714,drifting_longlines
-3.5,-159.5,2607814,3092269,0.8433,drifting_longlines
-7.5,170.5,2606125,2757504,0.9451,drifting_longlines
-3.5,-145.5,2583205,2704456,0.9552,drifting_longlines
-19.5,52.5,2568908,2755724,0.9322,drifting_longlines
-3.5,44.5,2565996,2565996,1.0,drifting_longlines
-3.5,58.5,2555441,2563474,0.9969,drifting_longlines
-1.5,-1.5,2550089,2576777,0.9896,drifting_longlines
12.5,134.5,2546973,3276919,0.7772,drifting_longlines
0.5,-167.5,2541388,3041051,0.8357,drifting_longlines
-33.5,42.5,2540668,3130076,0.8117,drifting_longlines
-5.5,-166.5,2536482,3189708,0.7952,drifting_longlines
-1.5,52.5,2536151,2558763,0.9912,drifting_longlines
-20.5,-77.5,2530387,2752973,0.9191,squid_jigger
8.5,54.5,2530132,2530132,1.0,drifting_longlines
11.5,176.5,2524600,2993288,0.8434,drifting_longlines
8.5,62.5,2518873,2991527,0.842,drifting_longlines
-5.5,52.5,2513537,2688257,0.935,drifting_longlines
-9.5,162.5,2506947,2871678,0.873,drifting_longlines
-35.5,34.5,2497429,2881061,0.8668,drifting_longlines
36.5,160.5,2490688,2768142,0.8998,drifting_longlines
-15.5,-129.5,2488726,2994209,0.8312,drifting_longlines
-5.5,-161.5,2482817,3055066,0.8127,drifting_longlines
14.5,-29.5,2482795,2632531,0.9431,drifting_longlines
8.5,64.5,2481476,2885874,0.8599,drifting_longlines
64.5,-3.5,2474664,4544405,0.5446,trawlers
-1.5,163.5,2473638,2706941,0.9138,drifting_longlines
2.5,149.5,2451192,2630087,0.932,drifting_longlines
-33.5,40.5,2448059,2810130,0.8712,drifting_longlines
-8.5,162.5,2446476,2901409,0.8432,drifting_longlines
41.5,-175.5,2445439,2601074,0.9402,squid_jigger
24.5,150.5,2442271,2572598,0.9493,drifting_longlines
-6.5,158.5,2441430,2651603,0.9207,drifting_longlines
16.5,140.5,2440240,2630603,0.9276,drifting_longlines
8.5,60.5,2439719,2932083,0.8321,drifting_longlines
-17.5,58.5,2436700,3277400,0.7435,drifting_longlines
-9.5,58.5,2434619,2525425,0.964,drifting_longlines
8.5,-23.5,2424187,2762176,0.8776,drifting_longlines
36.5,154.5,2422939,2818004,0.8598,drifting_longlines
-10.5,54.5,2422780,2477770,0.9778,drifting_longlines
74.5,18.5,2419641,27539043,0.0879,trawlers
-5.5,-151.5,2414647,2908841,0.8301,drifting_longlines
10.5,175.5,2409672,3180566,0.7576,drifting_longlines
72.5,26.5,2407086,14187513,0.1697,trawlers
10.5,-177.5,2403899,3716678,0.6468,drifting_longlines
-1.5,-133.5,2396693,2536049,0.945,drifting_longlines
-5.5,54.5,2386089,2732952,0.8731,drifting_longlines
6.5,-23.5,2381485,2530181,0.9412,drifting_longlines
-4.5,-165.5,2379491,2928687,0.8125,drifting_longlines
-44.5,-75.5,2377652,9032106,0.2632,trawlers
-29.5,42.5,2376238,2981689,0.7969,drifting_longlines
-7.5,-177.5,2375436,2773343,0.8565,drifting_longlines
26.5,148.5,2374703,2500966,0.9495,drifting_longlines
4.5,-171.5,2363139,2725166,0.8672,drifting_longlines
-13.5,-173.5,2362494,4958537,0.4764,drifting_longlines
36.5,156.5,2361877,2795995,0.8447,drifting_longlines
-1.5,152.5,2360640,2904441,0.8128,drifting_longlines
47.5,-45.5,2358317,2385356,0.9887,trawlers
18.5,140.5,2347084,2680343,0.8757,drifting_longlines
66.5,-2.5,2346489,3514730,0.6676,trawlers
65.5,-0.5,2343207,3849543,0.6087,trawlers
-31.5,36.5,2336933,2958017,0.79,drifting_longlines
42.5,162.5,2333082,2514323,0.9279,squid_jigger
3.5,64.5,2324489,2334137,0.9959,drifting_longlines
-2.5,-166.5,2324262,2545983,0.9129,drifting_longlines
-1.5,-144.5,2317401,2661474,0.8707,drifting_longlines
-3.5,166.5,2316214,3026097,0.7654,drifting_longlines
-20.5,50.5,2303085,2788012,0.8261,drifting_longlines
2.5,68.5,2296281,2885737,0.7957,drifting_longlines
-5.5,-177.5,2293767,2698181,0.8501,drifting_longlines
-5.5,-148.5,2292096,2443022,0.9382,drifting_longlines
12.5,132.5,2291312,3226932,0.7101,drifting_longlines
70.5,16.5,2288309,28014178,0.0817,trawlers
-15.5,-79.5,2287963,2383539,0.9599,squid_jigger
12.5,-172.5,2284045,2410908,0.9474,drifting_longlines
-3.5,-135.5,2283044,2288213,0.9977,drifting_longlines
-3.5,2.5,2282096,2381010,0.9585,drifting_longlines
-17.5,8.5,2280249,2829448,0.8059,drifting_longlines
0.5,-107.5,2279787,2512193,0.9075,squid_jigger
2.5,-147.5,2277734,2660097,0.8563,drifting_longlines
-39.5,-51.5,2275151,2294279,0.9917,drifting_longlines
-11.5,57.5,2274484,2678333,0.8492,drifting_longlines
3.5,-151.5,2273470,2435881,0.9333,drifting_longlines
-1.5,68.5,2272421,2947220,0.771,drifting_longlines
-7.5,-135.5,2268659,2816529,0.8055,drifting_longlines
72.5,38.5,2265004,3208666,0.7059,trawlers
-15.5,62.5,2264819,2422274,0.935,drifting_longlines
-52.5,-58.5,2264428,11773796,0.1923,trawlers
6.5,-25.5,2260843,2462321,0.9182,drifting_longlines
-7.5,48.5,2259174,2307019,0.9793,drifting_longlines
-3.5,-162.5,2253407,2602388,0.8659,drifting_longlines
-3.5,-148.5,2246393,2361677,0.9512,drifting_longlines
-3.5,-139.5,2230318,2323031,0.9601,drifting_longlines
-9.5,173.5,2228559,2547977,0.8746,drifting_longlines
68.5,-0.5,2223774,3452511,0.6441,trawlers
2.5,-110.5,2218493,2337432,0.9491,squid_jigger
72.5,23.5,2213765,2916359,0.7591,trawlers
43.5,159.5,2209795,2369807,0.9325,squid_jigger
42.5,154.5,2209245,2797813,0.7896,squid_jigger
-11.5,-131.5,2207166,2658913,0.8301,drifting_longlines
-11.5,53.5,2204142,2319631,0.9502,drifting_longlines
3.5,141.5,2192251,2910765,0.7532,drifting_longlines
-3.5,52.5,2188664,2240953,0.9767,drifting_longlines
4.5,63.5,2185785,2224920,0.9824,drifting_longlines
6.5,148.5,2185115,2770621,0.7887,drifting_longlines
-13.5,162.5,2183046,3853657,0.5665,drifting_longlines
-29.5,50.5,2182777,2225934,0.9806,drifting_longlines
-1.5,58.5,2182567,2197456,0.9932,drifting_longlines
-23.5,36.5,2181835,6837338,0.3191,drifting_longlines
2.5,158.5,2181142,2435794,0.8955,drifting_longlines
4.5,68.5,2180863,2425510,0.8991,drifting_longlines
-16.5,-79.5,2178346,2266593,0.9611,squid_jigger
1.5,-109.5,2177727,2360260,0.9227,squid_jigger
4.5,56.5,2174180,2390351,0.9096,drifting_longlines
20.5,150.5,2170305,2222481,0.9765,drifting_longlines
-1.5,-135.5,2160030,2211480,0.9767,drifting_longlines
10.5,-25.5,2159604,2518866,0.8574,drifting_longlines
-13.5,152.5,2157532,3023672,0.7135,drifting_longlines
-5.5,44.5,2157243,2170928,0.9937,drifting_longlines
64.5,-31.5,2157212,3990880,0.5405,trawlers
-17.5,52.5,2157163,2865381,0.7528,drifting_longlines
-9.5,50.5,2151138,2299470,0.9355,drifting_longlines
70.5,20.5,2139582,26106684,0.082,trawlers
38.5,156.5,2137459,2329450,0.9176,drifting_longlines
-42.5,-55.5,2136478,2203096,0.9698,squid_jigger
47.5,-43.5,2135249,2147704,0.9942,trawlers
10.5,-179.5,2127120,2450386,0.8681,drifting_longlines
-13.5,60.5,2127116,2321640,0.9162,drifting_longlines
60.5,-35.5,2122473,2599171,0.8166,trawlers
22.5,152.5,2121916,2157710,0.9834,drifting_longlines
-19.5,-76.5,2120491,2190976,0.9678,squid_jigger
1.5,-110.5,2119031,2273158,0.9322,squid_jigger
8.5,-25.5,2117616,2365653,0.8952,drifting_longlines
0.5,-165.5,2113444,2494766,0.8472,drifting_longlines
-5.5,-27.5,2108571,2248405,0.9378,drifting_longlines
-4.5,-149.5,2105792,2284322,0.9218,drifting_longlines
-15.5,-123.5,2105784,2573827,0.8182,drifting_longlines
-7.5,50.5,2104277,2242088,0.9385,drifting_longlines
-35.5,56.5,2099708,2149743,0.9767,drifting_longlines
2.5,65.5,2094368,2284045,0.917,drifting_longlines
-52.5,-59.5,2092877,11517541,0.1817,trawlers
-24.5,52.5,2091934,2201711,0.9501,drifting_longlines
-11.5,60.5,2088731,2328848,0.8969,drifting_longlines
36.5,150.5,2088085,3049707,0.6847,drifting_longlines
-7.5,64.5,2087369,2176625,0.959,drifting_longlines
-0.5,162.5,2081669,2215941,0.9394,drifting_longlines
-7.5,-127.5,2079074,2390088,0.8699,drifting_longlines
-11.5,-127.5,2077756,2521683,0.824,drifting_longlines
-1.5,-179.5,2077096,2292488,0.906,drifting_longlines
-15.5,-80.5,2074901,2320025,0.8943,squid_jigger
48.5,160.5,2073740,2643641,0.7844,squid_jigger
-2.5,-94.5,2072208,2133350,0.9713,squid_jigger
22.5,148.5,2068936,2112511,0.9794,drifting_longlines
28.5,162.5,2068141,2102017,0.9839,drifting_longlines
-9.5,62.5,2065632,3312622,0.6236,drifting_longlines
10.5,132.5,2063280,4508369,0.4577,drifting_longlines
-6.5,-19.5,2061112,2108914,0.9773,drifting_longlines
6.5,146.5,2054344,2428977,0.8458,drifting_longlines
-33.5,82.5,2045209,2348107,0.871,drifting_longlines
-15.5,64.5,2043062,2059320,0.9921,drifting_longlines
12.5,177.5,2032364,2229134,0.9117,drifting_longlines
-17.5,51.5,2031672,2263192,0.8977,drifting_longlines
-2.5,-150.5,2030412,2122181,0.9568,drifting_longlines
0.5,64.5,2029729,2064253,0.9833,drifting_longlines
-23.5,-75.5,2029413,2314798,0.8767,squid_jigger
-1.5,-11.5,2023145,2028878,0.9972,drifting_longlines
8.5,-31.5,2021665,2021665,1.0,drifting_longlines
-32.5,56.5,2021639,2105359,0.9602,drifting_longlines
-5.5,47.5,2021188,2030125,0.9956,drifting_longlines
-19.5,-75.5,2014500,2512485,0.8018,squid_jigger
-29.5,-173.5,2011895,2196625,0.9159,drifting_longlines
-3.5,-133.5,2009794,2009794,1.0,drifting_longlines
6.5,-29.5,2007193,2051070,0.9786,drifting_longlines
14.5,140.5,2004862,2081584,0.9631,drifting_longlines
-29.5,172.5,2004847,2033325,0.986,drifting_longlines
2.5,-150.5,2003611,2240100,0.8944,drifting_longlines
-2.5,-145.5,2003391,2186460,0.9163,drifting_longlines
7.5,54.5,1996037,1996037,1.0,drifting_longlines
72.5,20.5,1994437,2902884,0.6871,trawlers
4.5,152.5,1993099,3286526,0.6064,drifting_longlines
40.5,152.5,1989106,2496657,0.7967,drifting_longlines
-3.5,46.5,1987549,1987549,1.0,drifting_longlines
-17.5,-129.5,1985823,2218107,0.8953,drifting_longlines
-12.5,58.5,1978449,2164376,0.9141,drifting_longlines
4.5,52.5,1977290,1977290,1.0,drifting_longlines
16.5,150.5,1976723,2100913,0.9409,drifting_longlines
72.5,22.5,1974415,3071666,0.6428,trawlers
-7.5,164.5,1965461,2694465,0.7294,drifting_longlines
74.5,16.5,1964314,41245049,0.0476,trawlers
-3.5,60.5,1962890,1991208,0.9858,drifting_longlines
4.5,178.5,1961995,2284621,0.8588,drifting_longlines
12.5,-176.5,1960527,2055460,0.9538,drifting_longlines
2.5,159.5,1959364,2232070,0.8778,drifting_longlines
-5.5,-136.5,1959118,2175634,0.9005,drifting_longlines
-1.5,60.5,1956986,2009383,0.9739,drifting_longlines
-13.5,51.5,1956958,2240784,0.8733,drifting_longlines
-9.5,60.5,1956871,2154865,0.9081,drifting_longlines
14.5,-163.5,1956787,2995204,0.6533,drifting_longlines
-23.5,60.5,1953674,2112167,0.925,drifting_longlines
-3.5,-99.5,1951694,2113118,0.9236,squid_jigger
11.5,-173.5,1950821,2419108,0.8064,drifting_longlines
-34.5,32.5,1950280,2043340,0.9545,drifting_longlines
77.5,28.5,1942461,12299830,0.1579,trawlers
8.5,178.5,1936411,2530470,0.7652,drifting_longlines
-17.5,174.5,1933339,3544747,0.5454,drifting_longlines
-31.5,56.5,1931629,1974469,0.9783,drifting_longlines
22.5,154.5,1930833,2044693,0.9443,drifting_longlines
18.5,-17.5,1929738,2115949,0.912,drifting_longlines
48.5,-125.5,1926378,21435256,0.0899,trawlers
4.5,-153.5,1924804,2216602,0.8684,drifting_longlines
44.5,156.5,1918168,2208798,0.8684,squid_jigger
-11.5,164.5,1917276,4128658,0.4644,drifting_longlines
-41.5,-56.5,1917231,2020930,0.9487,squid_jigger
-4.5,-161.5,1916139,2332563,0.8215,drifting_longlines
-9.5,178.5,1910871,2571464,0.7431,drifting_longlines
-25.5,36.5,1902928,2900238,0.6561,drifting_longlines
-33.5,52.5,1902211,1902211,1.0,drifting_longlines
-42.5,-79.5,1895368,3802385,0.4985,trawlers
-35.5,50.5,1892136,1929776,0.9805,drifting_longlines
-17.5,-123.5,1891494,2341105,0.8079,drifting_longlines
61.5,-179.5,1885498,25424006,0.0742,trawlers
-27.5,40.5,1880343,2828997,0.6647,drifting_longlines
2.5,143.5,1879425,2606411,0.7211,drifting_longlines
6.5,176.5,1878962,2679144,0.7013,drifting_longlines
0.5,-106.5,1878073,1943678,0.9662,squid_jigger
-7.5,-23.5,1874484,1899829,0.9867,drifting_longlines
46.5,-44.5,1866399,1925064,0.9695,trawlers
8.5,66.5,1865300,2174746,0.8577,drifting_longlines
-11.5,148.5,1863793,2645660,0.7045,drifting_longlines
72.5,37.5,1860377,2429779,0.7657,trawlers
62.5,0.5,1856283,28517978,0.0651,trawlers
11.5,174.5,1854835,2527518,0.7339,drifting_longlines
-32.5,54.5,1854514,1876684,0.9882,drifting_longlines
-3.5,49.5,1852168,1852168,1.0,drifting_longlines
12.5,-165.5,1851093,2301064,0.8045,drifting_longlines
11.5,-179.5,1845734,2256021,0.8181,drifting_longlines
-5.5,-131.5,1845568,2262926,0.8156,drifting_longlines
-14.5,-131.5,1844632,1939011,0.9513,drifting_longlines
-3.5,67.5,1840438,2008701,0.9162,drifting_longlines
2.5,54.5,1839318,1901164,0.9675,drifting_longlines
64.5,-5.5,1831986,6245003,0.2934,trawlers
-4.5,44.5,1828809,1828809,1.0,drifting_longlines
64.5,-29.5,1816868,9713025,0.1871,trawlers
-7.5,60.5,1805518,1859131,0.9712,drifting_longlines
14.5,141.5,1804276,1821960,0.9903,drifting_longlines
-7.5,-131.5,1804061,2054751,0.878,drifting_longlines
71.5,38.5,1803271,3828047,0.4711,trawlers
-13.5,160.5,1803015,2808083,0.6421,drifting_longlines
-37.5,31.5,1800640,1949954,0.9234,drifting_longlines
-7.5,66.5,1800479,1808521,0.9956,drifting_longlines
-1.5,-106.5,1797785,1934179,0.9295,squid_jigger
6.5,-21.5,1795656,1976609,0.9085,drifting_longlines
24.5,152.5,1793146,1997166,0.8978,drifting_longlines
-5.5,-150.5,1792851,2259926,0.7933,drifting_longlines
8.5,56.5,1785751,1786993,0.9993,drifting_longlines
16.5,136.5,1784839,2354000,0.7582,drifting_longlines
4.5,-173.5,1784426,2326041,0.7672,drifting_longlines
-41.5,-55.5,1783076,1983847,0.8988,squid_jigger
70.5,40.5,1781566,34784299,0.0512,trawlers
6.5,-31.5,1781537,1792997,0.9936,drifting_longlines
-13.5,-157.5,1781283,1976706,0.9011,drifting_longlines
-13.5,150.5,1778485,2212846,0.8037,drifting_longlines
-33.5,74.5,1776483,1897587,0.9362,drifting_longlines
36.5,158.5,1775655,1840912,0.9646,drifting_longlines
10.5,-33.5,1773233,2291572,0.7738,drifting_longlines
-5.5,-127.5,1770981,1980223,0.8943,drifting_longlines
-18.5,60.5,1765796,1892891,0.9329,drifting_longlines
-15.5,58.5,1762969,2768008,0.6369,drifting_longlines
34.5,144.5,1762434,1810039,0.9737,drifting_longlines
0.5,161.5,1760303,1932592,0.9109,drifting_longlines
-7.5,-9.5,1754672,1874099,0.9363,drifting_longlines
13.5,158.5,1752131,1911105,0.9168,drifting_longlines
12.5,179.5,1752018,2076257,0.8438,drifting_longlines
34.5,147.5,1751661,1861890,0.9408,drifting_longlines
-6.5,-21.5,1749071,1803602,0.9698,drifting_longlines
4.5,-25.5,1746912,1814020,0.963,drifting_longlines
4.5,156.5,1741816,2968629,0.5867,drifting_longlines
67.5,-1.5,1741253,2011747,0.8655,trawlers
61.5,-29.5,1739864,3403144,0.5113,trawlers
-18.5,-78.5,1736155,1898167,0.9146,squid_jigger
-5.5,-146.5,1733046,1799314,0.9632,drifting_longlines
74.5,36.5,1730833,6860072,0.2523,trawlers
-35.5,54.5,1730601,1854653,0.9331,drifting_longlines
-31.5,37.5,1730440,1967083,0.8797,drifting_longlines
65.5,-31.5,1726595,5349623,0.3228,trawlers
-13.5,174.5,1724468,2477042,0.6962,drifting_longlines
-5.5,-20.5,1716282,1752719,0.9792,drifting_longlines
2.5,145.5,1712709,2132399,0.8032,drifting_longlines
-2.5,163.5,1712534,1888146,0.907,drifting_longlines
-17.5,57.5,1711689,1849368,0.9256,drifting_longlines
36.5,162.5,1708829,1780212,0.9599,drifting_longlines
-44.5,-59.5,1708362,3993810,0.4278,trawlers
-1.5,-131.5,1708327,1778901,0.9603,drifting_longlines
32.5,173.5,1708080,1722337,0.9917,drifting_longlines
-13.5,-125.5,1707023,2000236,0.8534,drifting_longlines
-7.5,-166.5,1706299,1822650,0.9362,drifting_longlines
-15.5,6.5,1705751,1956408,0.8719,drifting_longlines
-10.5,174.5,1703664,1925114,0.885,drifting_longlines
-4.5,-163.5,1703586,2026293,0.8407,drifting_longlines
16.5,158.5,1699875,2059096,0.8255,drifting_longlines
-6.5,-145.5,1693807,1785650,0.9486,drifting_longlines
-5.5,-159.5,1693043,1732702,0.9771,drifting_longlines
12.5,-178.5,1692996,2285931,0.7406,drifting_longlines
28.5,148.5,1692335,1972372,0.858,drifting_longlines
14.5,-157.5,1692281,2573627,0.6575,drifting_longlines
-19.5,-121.5,1691176,2161531,0.7824,drifting_longlines
-19.5,-117.5,1689294,2045169,0.826,drifting_longlines
42.5,-175.5,1688905,1822037,0.9269,squid_jigger
8.5,-33.5,1685780,1805696,0.9336,drifting_longlines
-7.5,54.5,1683588,1733814,0.971,drifting_longlines
-5.5,-9.5,1671160,1728911,0.9666,drifting_longlines
-2.5,-143.5,1669031,1961575,0.8509,drifting_longlines
-17.5,56.5,1666196,1720780,0.9683,drifting_longlines
-1.5,-107.5,1661590,1731738,0.9595,squid_jigger
6.5,61.5,1658767,1704663,0.9731,drifting_longlines
10.5,177.5,1656466,1829178,0.9056,drifting_longlines
13.5,-165.5,1655992,2181358,0.7592,drifting_longlines
-15.5,52.5,1654350,2005386,0.825,drifting_longlines
-2.5,-148.5,1654311,1717016,0.9635,drifting_longlines
-45.5,-75.5,1650569,7286639,0.2265,trawlers
46.5,158.5,1648621,2410387,0.684,squid_jigger
16.5,-27.5,1646136,1892274,0.8699,drifting_longlines
-5.5,-129.5,1645584,1698211,0.969,drifting_longlines
12.5,-170.5,1642440,1709415,0.9608,drifting_longlines
-17.5,-125.5,1641583,2549801,0.6438,drifting_longlines
1.5,160.5,1636234,1885680,0.8677,drifting_longlines
20.5,154.5,1633716,1673952,0.976,drifting_longlines
-19.5,4.5,1633578,1810433,0.9023,drifting_longlines
-2.5,66.5,1633297,1746242,0.9353,drifting_longlines
5.5,60.5,1632689,1680340,0.9716,drifting_longlines
-13.5,-130.5,1632040,1832507,0.8906,drifting_longlines
-7.5,-129.5,1631554,1792080,0.9104,drifting_longlines
68.5,3.5,1629269,2872679,0.5672,trawlers
6.5,58.5,1629251,1957025,0.8325,drifting_longlines
-11.5,-155.5,1628448,1696564,0.9599,drifting_longlines
-7.5,166.5,1626888,2245308,0.7246,drifting_longlines
-19.5,42.5,1625286,2982530,0.5449,drifting_longlines
-9.5,64.5,1624809,1625062,0.9998,drifting_longlines
4.5,-141.5,1623835,2204149,0.7367,drifting_longlines
-7.5,-163.5,1622770,1808524,0.8973,drifting_longlines
-29.5,-155.5,1619262,1767025,0.9164,drifting_longlines
-4.5,50.5,1617527,1646218,0.9826,drifting_longlines
7.5,176.5,1615487,2022620,0.7987,drifting_longlines
-13.5,-123.5,1613607,1950431,0.8273,drifting_longlines
3.5,66.5,1612597,1729613,0.9323,drifting_longlines
-2.5,64.5,1608800,1655672,0.9717,drifting_longlines
-5.5,-179.5,1607713,1800944,0.8927,drifting_longlines
47.5,-44.5,1607602,1607602,1.0,trawlers
-1.5,80.5,1606479,1631397,0.9847,drifting_longlines
4.5,65.5,1603961,1617266,0.9918,drifting_longlines
14.5,156.5,1603221,1857676,0.863,drifting_longlines
-36.5,29.5,1602576,1620106,0.9892,drifting_longlines
-19.5,59.5,1599254,1628166,0.9822,drifting_longlines
5.5,62.5,1598713,1643125,0.973,drifting_longlines
0.5,65.5,1597488,1643750,0.9719,drifting_longlines
68.5,1.5,1595898,3888361,0.4104,trawlers
-15.5,51.5,1595154,1765599,0.9035,drifting_longlines
-2.5,60.5,1592815,1609431,0.9897,drifting_longlines
76.5,18.5,1591715,35332095,0.0451,trawlers
-13.5,154.5,1590030,2956302,0.5378,drifting_longlines
-17.5,-121.5,1589449,1802990,0.8816,drifting_longlines
3.5,-171.5,1589406,1642254,0.9678,drifting_longlines
-1.5,62.5,1583013,1589341,0.996,drifting_longlines
-2.5,-167.5,1582667,1787746,0.8853,drifting_longlines
-17.5,-127.5,1580135,2584107,0.6115,drifting_longlines
-5.5,164.5,1580080,1888356,0.8367,drifting_longlines
-4.5,48.5,1579891,1582602,0.9983,drifting_longlines
32.5,146.5,1579236,1664882,0.9486,drifting_longlines
-3.5,-143.5,1577581,1814363,0.8695,drifting_longlines
4.5,-168.5,1576933,1728521,0.9123,drifting_longlines
-34.5,34.5,1576328,1665670,0.9464,drifting_longlines
-9.5,-131.5,1576301,1763121,0.894,drifting_longlines
4.5,147.5,1571794,1688569,0.9308,drifting_longlines
76.5,35.5,1571090,7324592,0.2145,trawlers
-37.5,158.5,1567812,1568511,0.9996,drifting_longlines
-13.5,-134.5,1567341,1824093,0.8592,drifting_longlines
1.5,-112.5,1566470,1715604,0.9131,squid_jigger
-12.5,158.5,1564826,1943097,0.8053,drifting_longlines
-50.5,-57.5,1563953,6545759,0.2389,trawlers
-3.5,42.5,1563710,1658807,0.9427,drifting_longlines
7.5,60.5,1563694,1767288,0.8848,drifting_longlines
0.5,80.5,1554923,1688799,0.9207,drifting_longlines
-4.5,-159.5,1554267,1717184,0.9051,drifting_longlines
4.5,-148.5,1553774,2258060,0.6881,drifting_longlines
-3.5,65.5,1553107,1655996,0.9379,drifting_longlines
8.5,-175.5,1551745,2013619,0.7706,drifting_longlines
-41.5,156.5,1551329,2697660,0.5751,drifting_longlines
64.5,-2.5,1550311,3200180,0.4844,trawlers
-17.5,-119.5,1549352,1942795,0.7975,drifting_longlines
-1.5,-140.5,1549304,2004219,0.773,drifting_longlines
71.5,23.5,1548286,4716553,0.3283,trawlers
64.5,-30.5,1548042,5726339,0.2703,trawlers
-18.5,-80.5,1547809,1828569,0.8465,squid_jigger
4.5,-17.5,1547069,1701441,0.9093,drifting_longlines
-11.5,-123.5,1545098,2004638,0.7708,drifting_longlines
-33.5,50.5,1541945,1541984,1.0,drifting_longlines
14.5,-31.5,1541300,2028452,0.7598,drifting_longlines
11.5,-176.5,1538843,1623086,0.9481,drifting_longlines
12.5,130.5,1538765,2528661,0.6085,drifting_longlines
67.5,-0.5,1537677,1954682,0.7867,trawlers
-9.5,156.5,1535632,1967041,0.7807,drifting_longlines
-5.5,-134.5,1534511,1816490,0.8448,drifting_longlines
-15.5,-125.5,1530522,1883776,0.8125,drifting_longlines
18.5,150.5,1528948,1668165,0.9165,drifting_longlines
-2.5,164.5,1528246,1700908,0.8985,drifting_longlines
26.5,150.5,1527482,1630069,0.9371,drifting_longlines
-35.5,42.5,1525046,1899699,0.8028,drifting_longlines
2.5,-145.5,1524966,1787334,0.8532,drifting_longlines
-19.5,51.5,1522927,1986882,0.7665,drifting_longlines
71.5,44.5,1520905,22324861,0.0681,trawlers
16.5,142.5,1520895,1683016,0.9037,drifting_longlines
-45.5,-80.5,1520536,1625094,0.9357,trawlers
0.5,68.5,1519642,1867070,0.8139,drifting_longlines
-19.5,-107.5,1515754,1606712,0.9434,drifting_longlines
-11.5,-129.5,1515261,1666962,0.909,drifting_longlines
36.5,152.5,1514503,2160385,0.701,drifting_longlines
68.5,12.5,1509670,20365409,0.0741,trawlers
-1.5,65.5,1507861,1516774,0.9941,drifting_longlines
-11.5,70.5,1506031,1506031,1.0,drifting_longlines
-2.5,-112.5,1505005,1664366,0.9043,squid_jigger
-9.5,66.5,1504029,1601545,0.9391,drifting_longlines
7.5,58.5,1503462,1555865,0.9663,drifting_longlines
-7.5,-20.5,1502783,1529261,0.9827,drifting_longlines
72.5,6.5,1502544,3195586,0.4702,trawlers
2.5,154.5,1502258,2663812,0.564,drifting_longlines
-33.5,46.5,1500122,1514470,0.9905,drifting_longlines
12.5,-27.5,1499265,1527737,0.9814,drifting_longlines
12.5,-25.5,1496620,1542800,0.9701,drifting_longlines
-10.5,-144.5,1496180,1522444,0.9827,drifting_longlines
-33.5,76.5,1495094,1518940,0.9843,drifting_longlines
3.5,62.5,1494656,1494656,1.0,drifting_longlines
-17.5,62.5,1489896,1762074,0.8455,drifting_longlines
71.5,36.5,1487163,9728696,0.1529,trawlers
41.5,150.5,1485852,2609456,0.5694,squid_jigger
-2.5,-137.5,1485110,1587111,0.9357,drifting_longlines
-17.5,170.5,1477423,6552313,0.2255,drifting_longlines
-35.5,58.5,1475273,1521356,0.9697,drifting_longlines
8.5,59.5,1474851,1622986,0.9087,drifting_longlines
72.5,16.5,1474781,35529972,0.0415,trawlers
61.5,-4.5,1474458,7080515,0.2082,trawlers
0.5,56.5,1473557,1474674,0.9992,drifting_longlines
-15.5,-119.5,1471104,2088893,0.7043,drifting_longlines
2.5,63.5,1469504,1469504,1.0,drifting_longlines
-2.5,162.5,1469139,1620400,0.9067,drifting_longlines
12.5,156.5,1469095,1549385,0.9482,drifting_longlines
11.5,132.5,1468396,2416107,0.6078,drifting_longlines
10.5,179.5,1467653,1574723,0.932,drifting_longlines
-13.5,61.5,1466823,1491416,0.9835,squid_jigger
-1.5,49.5,1466450,1466450,1.0,drifting_longlines
6.5,-175.5,1464875,1700214,0.8616,drifting_longlines
26.5,146.5,1462284,1592717,0.9181,drifting_longlines
-27.5,48.5,1462043,1487112,0.9831,drifting_longlines
67.5,1.5,1460893,2115773,0.6905,trawlers
-2.5,48.5,1460772,1465003,0.9971,drifting_longlines
64.5,-57.5,1459521,8919462,0.1636,trawlers
-19.5,-119.5,1458563,1932291,0.7548,drifting_longlines
10.5,-157.5,1458388,1458388,1.0,drifting_longlines
-0.5,-167.5,1456058,1870783,0.7783,drifting_longlines
-2.5,62.5,1454653,1454653,1.0,drifting_longlines
42.5,159.5,1453169,2177875,0.6672,squid_jigger
-50.5,-56.5,1451851,8606907,0.1687,trawlers
-13.5,156.5,1441419,1998989,0.7211,drifting_longlines
-9.5,46.5,1436248,1438196,0.9986,drifting_longlines
-1.5,1.5,1436145,1560941,0.9201,drifting_longlines
14.5,159.5,1434476,1482357,0.9677,drifting_longlines
16.5,154.5,1434330,1659619,0.8643,drifting_longlines
-51.5,-56.5,1433915,10303168,0.1392,trawlers
-0.5,66.5,1433886,1516547,0.9455,drifting_longlines
61.5,-3.5,1433792,10537389,0.1361,trawlers
28.5,146.5,1432187,1695068,0.8449,drifting_longlines
28.5,150.5,1426558,1665756,0.8564,drifting_longlines
10.5,-176.5,1425641,1524274,0.9353,drifting_longlines
-9.5,-127.5,1420591,1794080,0.7918,drifting_longlines
4.5,61.5,1420042,1487937,0.9544,drifting_longlines
2.5,156.5,1419645,3500481,0.4056,drifting_longlines
-2.5,-114.5,1418826,1536956,0.9231,squid_jigger
-19.5,172.5,1416098,3949388,0.3586,drifting_longlines
14.5,138.5,1415119,1660666,0.8521,drifting_longlines
1.5,159.5,1414909,1782217,0.7939,drifting_longlines
71.5,21.5,1413958,5033773,0.2809,trawlers
4.5,-135.5,1413485,1431876,0.9872,drifting_longlines
-9.5,-129.5,1413023,2145226,0.6587,drifting_longlines
55.5,-17.5,1412549,1579573,0.8943,trawlers
-15.5,44.5,1412336,2032277,0.695,drifting_longlines
-6.5,-163.5,1410469,1730201,0.8152,drifting_longlines
6.5,-35.5,1409626,1478332,0.9535,drifting_longlines
-1.5,-3.5,1409508,1428859,0.9865,drifting_longlines
-2.5,-179.5,1408158,1494659,0.9421,drifting_longlines
40.5,158.5,1408120,1643580,0.8567,squid_jigger
6.5,156.5,1403315,3674827,0.3819,drifting_longlines
12.5,-33.5,1396950,1632814,0.8555,drifting_longlines
-5.5,-23.5,1396059,1465276,0.9528,drifting_longlines
2.5,84.5,1395934,1410267,0.9898,drifting_longlines
-3.5,162.5,1395714,1494361,0.934,drifting_longlines
-1.5,88.5,1393616,1393616,1.0,drifting_longlines
12.5,-168.5,1392480,1637776,0.8502,drifting_longlines
14.5,134.5,1392124,1540468,0.9037,drifting_longlines
-41.5,-79.5,1390521,3610615,0.3851,trawlers
-5.5,-137.5,1389841,1550917,0.8961,drifting_longlines
-7.5,49.5,1387478,1397805,0.9926,drifting_longlines
-6.5,-135.5,1385663,1569361,0.8829,drifting_longlines
8.5,-37.5,1383953,1501956,0.9214,drifting_longlines
-14.5,172.5,1382427,2664318,0.5189,drifting_longlines
14.5,160.5,1381643,1450796,0.9523,drifting_longlines
-8.5,54.5,1380538,1391870,0.9919,drifting_longlines
-23.5,-76.5,1380225,1484964,0.9295,squid_jigger
-29.5,-167.5,1377692,1686539,0.8169,drifting_longlines
-7.5,-125.5,1377270,1673214,0.8231,drifting_longlines
-37.5,52.5,1376449,1405398,0.9794,drifting_longlines
-43.5,-56.5,1373870,1535036,0.895,squid_jigger
6.5,63.5,1372665,1385081,0.991,drifting_longlines
-7.5,-134.5,1371517,1465058,0.9362,drifting_longlines
14.5,136.5,1368115,1492617,0.9166,drifting_longlines
12.5,180.5,1368021,1701498,0.804,drifting_longlines
2.5,90.5,1366988,1366988,1.0,drifting_longlines
58.5,-23.5,1366251,1777823,0.7685,drifting_longlines
-25.5,52.5,1366053,1630433,0.8378,drifting_longlines
10.5,157.5,1365003,1584030,0.8617,drifting_longlines
-1.5,-114.5,1364772,1444683,0.9447,squid_jigger
60.5,-15.5,1363913,1518984,0.8979,drifting_longlines
-37.5,56.5,1363230,1413010,0.9648,drifting_longlines
-7.5,44.5,1360723,1434254,0.9487,drifting_longlines
-7.5,-144.5,1358383,1397547,0.972,drifting_longlines
-2.5,50.5,1357939,1362688,0.9965,drifting_longlines
-2.5,-151.5,1357195,1619182,0.8382,drifting_longlines
-5.5,65.5,1353758,1385238,0.9773,drifting_longlines
46.5,-43.5,1353031,1513793,0.8938,trawlers
74.5,20.5,1351718,27123052,0.0498,trawlers
-7.5,159.5,1351385,1558693,0.867,drifting_longlines
3.5,-169.5,1348665,1503634,0.8969,drifting_longlines
56.5,-19.5,1348656,1360654,0.9912,trawlers
72.5,21.5,1348485,1937050,0.6962,trawlers
35.5,148.5,1346220,1627500,0.8272,drifting_longlines
-7.5,-147.5,1345991,1568359,0.8582,drifting_longlines
-15.5,-127.5,1345215,1576171,0.8535,drifting_longlines
17.5,140.5,1343809,1511810,0.8889,drifting_longlines
-1.5,-142.5,1341721,1716695,0.7816,drifting_longlines
4.5,-150.5,1341649,1559499,0.8603,drifting_longlines
40.5,168.5,1341230,1341230,1.0,drifting_longlines
-4.5,166.5,1338234,1724762,0.7759,drifting_longlines
-11.5,-5.5,1335182,1383827,0.9648,drifting_longlines
-5.5,161.5,1331649,1598285,0.8332,drifting_longlines
23.5,150.5,1328937,1336716,0.9942,drifting_longlines
-7.5,52.5,1328446,1591408,0.8348,drifting_longlines
-11.5,-173.5,1327573,2620779,0.5066,drifting_longlines
4.5,53.5,1327427,1327427,1.0,drifting_longlines
24.5,146.5,1326689,1609472,0.8243,drifting_longlines
-2.5,52.5,1323480,1372108,0.9646,drifting_longlines
60.5,2.5,1322209,32578432,0.0406,trawlers
-3.5,-151.5,1320648,1538990,0.8581,drifting_longlines
76.5,38.5,1320426,5919452,0.2231,trawlers
38.5,150.5,1319027,1391464,0.9479,drifting_longlines
-0.5,-99.5,1317616,1385292,0.9511,squid_jigger
-2.5,58.5,1317268,1329566,0.9908,drifting_longlines
-2.5,-133.5,1316913,1316913,1.0,drifting_longlines
34.5,154.5,1316814,1518344,0.8673,drifting_longlines
-15.5,-132.5,1316087,1500101,0.8773,drifting_longlines
-41.5,-81.5,1315958,2741346,0.48,trawlers
3.5,68.5,1315414,1455277,0.9039,drifting_longlines
-0.5,160.5,1314874,1390546,0.9456,drifting_longlines
-17.5,-175.5,1314757,2136012,0.6155,drifting_longlines
-39.5,30.5,1313366,1477311,0.889,drifting_longlines
3.5,-167.5,1312820,1719134,0.7637,drifting_longlines
-21.5,2.5,1312696,1410827,0.9304,drifting_longlines
-29.5,-171.5,1311673,1423438,0.9215,drifting_longlines
6.5,-37.5,1311214,1388569,0.9443,drifting_longlines
18.5,152.5,1310737,1488273,0.8807,drifting_longlines
48.5,162.5,1309536,1679023,0.7799,squid_jigger
34.5,150.5,1308672,1521321,0.8602,drifting_longlines
72.5,39.5,1307713,1549868,0.8438,trawlers
-7.5,-179.5,1307490,1662516,0.7865,drifting_longlines
4.5,-152.5,1304326,1383062,0.9431,drifting_longlines
0.5,54.5,1304236,1324623,0.9846,drifting_longlines
-1.5,67.5,1302337,1385614,0.9399,drifting_longlines
72.5,34.5,1301350,7830741,0.1662,trawlers
-16.5,-81.5,1300134,1326573,0.9801,squid_jigger
4.5,-170.5,1299557,1455621,0.8928,drifting_longlines
-43.5,0.5,1297325,1776429,0.7303,drifting_longlines
-9.5,-119.5,1296940,1709044,0.7589,drifting_longlines
-15.5,174.5,1296667,2751588,0.4712,drifting_longlines
-13.5,-81.5,1296406,1322346,0.9804,squid_jigger
0.5,82.5,1294915,1306920,0.9908,drifting_longlines
-4.5,-178.5,1292903,1519039,0.8511,drifting_longlines
-33.5,166.5,1292777,1413211,0.9148,drifting_longlines
35.5,150.5,1289354,1448274,0.8903,drifting_longlines
-17.5,60.5,1289043,1356849,0.95,drifting_longlines
8.5,-35.5,1288306,1450393,0.8882,drifting_longlines
28.5,152.5,1287793,1473625,0.8739,drifting_longlines
-1.5,-138.5,1287629,1294011,0.9951,drifting_longlines
-5.5,-164.5,1287547,1479446,0.8703,drifting_longlines
-4.5,168.5,1286569,1742706,0.7383,drifting_longlines
-1.5,-9.5,1285807,1297511,0.991,drifting_longlines
-43.5,-5.5,1283539,1305095,0.9835,drifting_longlines
14.5,157.5,1283416,1305675,0.983,drifting_longlines
-7.5,-123.5,1282651,1688820,0.7595,drifting_longlines
-50.5,-61.5,1282229,4153656,0.3087,squid_jigger
2.5,2.5,1281024,1301167,0.9845,drifting_longlines
0.5,-113.5,1281018,1420942,0.9015,squid_jigger
12.5,157.5,1280065,1444984,0.8859,drifting_longlines
-37.5,-173.5,1279556,1699210,0.753,drifting_longlines
-9.5,53.5,1278972,1373928,0.9309,drifting_longlines
16.5,134.5,1278322,1495243,0.8549,drifting_longlines
62.5,-2.5,1275550,2413803,0.5284,trawlers
13.5,-167.5,1275293,1287553,0.9905,drifting_longlines
40.5,151.5,1275249,1546839,0.8244,squid_jigger
-11.5,-11.5,1271448,1309219,0.9712,drifting_longlines
72.5,25.5,1271054,6779099,0.1875,trawlers
8.5,-28.5,1270515,1311865,0.9685,drifting_longlines
-31.5,164.5,1269526,1348216,0.9416,drifting_longlines
22.5,149.5,1268664,1292932,0.9812,drifting_longlines
-3.5,-5.5,1268445,1275269,0.9946,drifting_longlines
-13.5,-127.5,1267317,1702834,0.7442,drifting_longlines
-5.5,169.5,1267276,1689741,0.75,drifting_longlines
-43.5,4.5,1263865,1658335,0.7621,drifting_longlines
0.5,84.5,1263297,1296101,0.9747,drifting_longlines
10.5,-31.5,1259837,1392396,0.9048,drifting_longlines
-21.5,-76.5,1259652,1323542,0.9517,squid_jigger
-37.5,-77.5,1258951,2678048,0.4701,trawlers
-11.5,72.5,1256329,1397713,0.8988,drifting_longlines
-1.5,-5.5,1251677,1258802,0.9943,drifting_longlines
-31.5,82.5,1251573,1327684,0.9427,drifting_longlines
-5.5,176.5,1250420,1318758,0.9482,drifting_longlines
2.5,-15.5,1247307,1258354,0.9912,drifting_longlines
-12.5,-131.5,1245959,1267481,0.983,drifting_longlines
-6.5,-147.5,1241321,1405765,0.883,drifting_longlines
-35.5,102.5,1240616,1666144,0.7446,drifting_longlines
-18.5,50.5,1239623,2013031,0.6158,drifting_longlines
11.5,179.5,1235172,1292292,0.9558,drifting_longlines
6.5,65.5,1234902,1256271,0.983,drifting_longlines
-13.5,170.5,1232627,7876928,0.1565,drifting_longlines
-25.5,-173.5,1231335,1377656,0.8938,drifting_longlines
-51.5,-61.5,1231007,6757726,0.1822,trawlers
-8.5,164.5,1230978,1618601,0.7605,drifting_longlines
4.5,145.5,1230014,1543785,0.7968,drifting_longlines
-3.5,63.5,1229358,1249271,0.9841,drifting_longlines
-2.5,-164.5,1229253,1349981,0.9106,drifting_longlines
11.5,180.5,1228728,1361368,0.9026,drifting_longlines
64.5,-7.5,1227798,3709173,0.331,trawlers
2.5,-170.5,1227752,1344726,0.913,drifting_longlines
-11.5,50.5,1227378,1424771,0.8615,drifting_longlines
-36.5,56.5,1226634,1226634,1.0,drifting_longlines
0.5,163.5,1226357,1238488,0.9902,drifting_longlines
-15.5,-121.5,1225347,1693128,0.7237,drifting_longlines
4.5,-19.5,1224779,1400234,0.8747,drifting_longlines
-39.5,156.5,1224716,1761364,0.6953,drifting_longlines
-35.5,60.5,1224280,1243843,0.9843,drifting_longlines
-25.5,35.5,1223119,6827584,0.1791,drifting_longlines
8.5,-21.5,1222259,1454554,0.8403,drifting_longlines
-14.5,60.5,1221061,1248608,0.9779,drifting_longlines
3.5,143.5,1220814,1453992,0.8396,drifting_longlines
0.5,-103.5,1219356,1292786,0.9432,squid_jigger
22.5,140.5,1216403,1436395,0.8468,drifting_longlines
-5.5,167.5,1215344,1495023,0.8129,drifting_longlines
4.5,176.5,1212730,1548185,0.7833,drifting_longlines
-5.5,178.5,1211357,1355258,0.8938,drifting_longlines
-13.5,59.5,1210392,1264071,0.9575,drifting_longlines
12.5,59.5,1210316,1459342,0.8294,squid_jigger
76.5,32.5,1210227,8397835,0.1441,trawlers
60.5,-178.5,1209433,14377768,0.0841,trawlers
32.5,-149.5,1208684,1495609,0.8082,drifting_longlines
13.5,-29.5,1208407,1225598,0.986,drifting_longlines
-0.5,-97.5,1207921,1294274,0.9333,squid_jigger
14.5,152.5,1207537,1502454,0.8037,drifting_longlines
4.5,-21.5,1206378,1264980,0.9537,drifting_longlines
13.5,176.5,1203752,1348446,0.8927,drifting_longlines
10.5,-41.5,1203189,1228818,0.9791,drifting_longlines
46.5,162.5,1202876,1699646,0.7077,squid_jigger
-9.5,166.5,1202642,1494604,0.8047,drifting_longlines
1.5,-167.5,1198197,1309671,0.9149,drifting_longlines
72.5,30.5,1197896,7578858,0.1581,trawlers
-14.5,52.5,1197628,1512779,0.7917,drifting_longlines
-37.5,156.5,1196810,1231624,0.9717,drifting_longlines
-21.5,-77.5,1196369,1372137,0.8719,squid_jigger
64.5,-33.5,1196261,2895562,0.4131,trawlers
18.5,154.5,1195948,1215086,0.9842,drifting_longlines
34.5,142.5,1195051,1244235,0.9605,drifting_longlines
-1.5,55.5,1194275,1261809,0.9465,drifting_longlines
-2.5,-141.5,1193871,1377488,0.8667,drifting_longlines
10.5,-29.5,1193301,1501513,0.7947,drifting_longlines
16.5,160.5,1189232,1410402,0.8432,drifting_longlines
